<list>
  <candle>
    <maximo>470.0</maximo>
    <minimo>20.0</minimo>
    <abertura>150.0</abertura>
    <fechamento>350.0</fechamento>
    <data>
      <time>1333803185335</time>
      <timezone>America/Fortaleza</timezone>
    </data>
  </candle>
  <candle>
    <maximo>750.0</maximo>
    <minimo>70.0</minimo>
    <abertura>70.0</abertura>
    <fechamento>370.0</fechamento>
    <data>
      <time>1333889585337</time>
      <timezone>America/Fortaleza</timezone>
    </data>
  </candle>
  <candle>
    <maximo>250.0</maximo>
    <minimo>20.0</minimo>
    <abertura>120.0</abertura>
    <fechamento>200.0</fechamento>
    <data>
      <time>1333975985338</time>
      <timezone>America/Fortaleza</timezone>
    </data>
  </candle>
  <candle>
    <maximo>850.0</maximo>
    <minimo>130.0</minimo>
    <abertura>130.0</abertura>
    <fechamento>330.0</fechamento>
    <data>
      <time>1334062385338</time>
      <timezone>America/Fortaleza</timezone>
    </data>
  </candle>
  <candle>
    <maximo>750.0</maximo>
    <minimo>200.0</minimo>
    <abertura>500.0</abertura>
    <fechamento>200.0</fechamento>
    <data>
      <time>1334148785338</time>
      <timezone>America/Fortaleza</timezone>
    </data>
  </candle>
</list>
